[
  {
    "code": "00",
    "context": "0185 | 男鹿 | 100 | 秋田県男鹿市、南秋田郡大潟村"
  },
  {
    "code": "01",
    "context": "能代 | 101 | 秋田県能代市、山本郡"
  },
  {
    "code": "02",
    "context": "0186 | 鹿角 | 102 | 秋田県鹿角市、鹿角郡小坂町"
  },
  {
    "code": "03",
    "context": "大館 | 103 | 秋田県大館市"
  },
  {
    "code": "04",
    "context": "鷹巣 | 104 | 秋田県北秋田市、北秋田郡"
  },
  {
    "code": "05",
    "context": "0187 | 大曲 | 105 | 秋田県大仙市（大神成、上鶯野、北長野、協和荒川、協和稲沢、協和上淀川、協和小種、協和境、協和下淀川、協和中淀川、協和船岡、協和船沢、協和峰吉川、栗沢、清水、下鶯野、豊岡、豊川、長戸呂、長野および鑓見内を除く。）、仙北郡美郷町（金沢および野荒町を除く。）"
  },
  {
    "code": "06",
    "context": "角館 | 106 | 秋田県仙北市、大仙市（大神成、上鶯野、北長野、栗沢、清水、下鶯野、豊岡、豊川、長戸呂、長野および鑓見内に限る。）"
  },
  {
    "code": "07",
    "context": "018 | 秋田 | 107 | 秋田県秋田市、大仙市（協和荒川、協和稲沢、協和上淀川、協和小種、協和境、協和下淀川、協和中淀川、協和船岡、協和船沢および協和峰吉川に限る。）、潟上市、南秋田郡（井川町、五城目町および八郎潟町に限る。）"
  },
  {
    "code": "08",
    "context": "0191 | 一関 | 108 | 岩手県一関市、西磐井郡"
  },
  {
    "code": "09",
    "context": "0192 | 大船渡 | 109 | 岩手県大船渡市、陸前高田市、気仙郡"
  },
  {
    "code": "001",
    "context": "011 | 札幌 | 001 | 北海道江別市、札幌市、北広島市、空知郡南幌町"
  },
  {
    "code": "002",
    "context": "0123 | 千歳 | 002 | 北海道恵庭市、千歳市（東丘の一部を除く。）、苫小牧市丸山"
  },
  {
    "code": "003",
    "context": "夕張 | 003 | 北海道夕張市（富野を除く。）"
  },
  {
    "code": "004",
    "context": "栗山 | 004-2 | 北海道夕張市富野、夕張郡"
  },
  {
    "code": "006",
    "context": "0124 | 芦別 | 006 | 北海道芦別市"
  },
  {
    "code": "007",
    "context": "0125 | 滝川 | 007 | 北海道赤平市、歌志内市、砂川市、滝川市、雨竜郡雨竜町、樺戸郡（浦臼町および新十津川町に限る。）、空知郡（上砂川町および奈井江町に限る。）"
  },
  {
    "code": "008",
    "context": "0126 | 岩見沢 | 008-2 | 北海道岩見沢市（宝水町を除く。）、美唄市、石狩郡新篠津村、樺戸郡月形町"
  },
  {
    "code": "010",
    "context": "01267 | 010 | 北海道岩見沢市宝水町、三笠市"
  },
  {
    "code": "011",
    "context": "011 | 札幌 | 001 | 北海道江別市、札幌市、北広島市、空知郡南幌町"
  },
  {
    "code": "012",
    "context": "当別 | 012 | 北海道石狩郡当別町"
  },
  {
    "code": "015",
    "context": "0134 | 小樽 | 015 | 北海道小樽市"
  },
  {
    "code": "016",
    "context": "0135 | 余市 | 016 | 北海道積丹郡、古平郡、余市郡"
  },
  {
    "code": "017",
    "context": "岩内 | 017 | 北海道岩内郡、古宇郡"
  },
  {
    "code": "018",
    "context": "0136 | 倶知安 | 018 | 北海道虻田郡（喜茂別町、京極町、倶知安町、ニセコ町、真狩村および留寿都村に限る。）、磯谷郡"
  },
  {
    "code": "019",
    "context": "寿都 | 019 | 北海道島牧郡、寿都郡"
  },
  {
    "code": "020",
    "context": "01372 | 鹿部 | 020 | 北海道茅部郡鹿部町"
  },
  {
    "code": "021",
    "context": "01374 | 森 | 021 | 北海道茅部郡森町"
  },
  {
    "code": "022",
    "context": "八雲 | 022 | 北海道二海郡八雲町（熊石相沼町、熊石鮎川町、熊石泉岱町、熊石雲石町、熊石大谷町、熊石折戸町、熊石黒岩町、熊石見日町、熊石関内町、熊石平町、熊石畳岩町、熊石館平町、熊石泊川町、熊石鳴神町、熊石西浜町および熊石根崎町を除く。）"
  },
  {
    "code": "023",
    "context": "01377 | 023 | 北海道山越郡"
  },
  {
    "code": "024",
    "context": "0137 | 今金 | 024 | 北海道久遠郡せたな町（大成区を除く。）、瀬棚郡"
  },
  {
    "code": "025",
    "context": "0138 | 函館 | 025 | 北海道函館市、北斗市、亀田郡"
  },
  {
    "code": "026",
    "context": "01392 | 木古内 | 026 | 北海道上磯郡"
  },
  {
    "code": "027",
    "context": "0139 | 松前 | 027 | 北海道松前郡"
  },
  {
    "code": "028",
    "context": "江差 | 028-2 | 北海道爾志郡、檜山郡"
  },
  {
    "code": "029",
    "context": "029 | 水戸 | 207 | 茨城県那珂市、ひたちなか市、水戸市、那珂郡、東茨城郡（茨城町、大洗町および城里町（大網、小勝、上赤沢、真端、塩子、下赤沢および徳蔵を除く。）に限る。）"
  },
  {
    "code": "030",
    "context": "01397 | 奥尻 | 030 | 北海道奥尻郡"
  },
  {
    "code": "031",
    "context": "01398 | 熊石 | 031 | 北海道久遠郡せたな町大成区、二海郡八雲町（熊石相沼町、熊石鮎川町、熊石泉岱町、熊石雲石町、熊石大谷町、熊石折戸町、熊石黒岩町、熊石見日町、熊石関内町、熊石平町、熊石畳岩町、熊石館平町、熊石泊川町、熊石鳴神町、熊石西浜町および熊石根崎町に限る。）"
  },
  {
    "code": "032",
    "context": "0142 | 伊達 | 032 | 北海道伊達市、虻田郡（洞爺湖町および豊浦町に限る。）、有珠郡"
  },
  {
    "code": "033",
    "context": "0143 | 室蘭 | 033 | 北海道登別市、室蘭市"
  },
  {
    "code": "034",
    "context": "0144 | 苫小牧 | 034 | 北海道苫小牧市（弁天の一部および丸山を除く。）、白老郡"
  },
  {
    "code": "035",
    "context": "0145 | 早来 | 035 | 北海道勇払郡（厚真町（鹿沼を除く。）および安平町に限る。）、苫小牧市弁天の一部、千歳市東丘の一部"
  },
  {
    "code": "036",
    "context": "鵡川 | 036 | 北海道勇払郡（むかわ町および厚真町（鹿沼に限る。）に限る。）"
  },
  {
    "code": "037",
    "context": "01456 | 門別富川 | 037 | 北海道沙流郡日高町（栄町西、栄町東、新町、千栄、富岡、日高、本町西、本町東、松風町、三岩、宮下町、山手町および若葉町を除く。）、新冠郡新冠町里平"
  },
  {
    "code": "038",
    "context": "01457 | 038 | 北海道沙流郡（平取町および日高町（栄町西、栄町東、新町、千栄、富岡、日高、本町西、本町東、松風町、三岩、宮下町、山手町および若葉町に限る。）に限る。）"
  },
  {
    "code": "039",
    "context": "0146 | 浦河 | 039-2 | 北海道浦河郡、様似郡"
  },
  {
    "code": "041",
    "context": "静内 | 041 | 北海道新冠郡新冠町（里平を除く。）、日高郡新ひだか町"
  },
  {
    "code": "042",
    "context": "01466 | えりも | 042 | 北海道幌泉郡"
  },
  {
    "code": "043",
    "context": "0152 | 網走 | 043 | 北海道網走市、北見市常呂町、網走郡大空町（東藻琴、東藻琴清浦、東藻琴栄、東藻琴新富、東藻琴末広、東藻琴大進、東藻琴千草、東藻琴西倉、東藻琴福富、東藻琴明生および東藻琴山園に限る。）、斜里郡小清水町"
  },
  {
    "code": "044",
    "context": "斜里 | 044 | 北海道斜里郡（清里町および斜里町に限る｡ ）"
  },
  {
    "code": "045",
    "context": "美幌 | 045 | 北海道網走郡（大空町（東藻琴、東藻琴清浦、東藻琴栄、東藻琴新富、東藻琴末広、東藻琴大進、東藻琴千草、東藻琴西倉、東藻琴福富、東藻琴明生および東藻琴山園に限る。）を除く。）"
  },
  {
    "code": "046",
    "context": "0153 | 厚岸 | 046 | 北海道厚岸郡"
  },
  {
    "code": "047",
    "context": "根室 | 047 | 北海道根室市"
  },
  {
    "code": "048",
    "context": "中標津 | 048 | 北海道標津郡中標津町、野付郡別海町（尾岱沼、尾岱沼港町、尾岱沼岬町、尾岱沼潮見町および床丹を除く。）"
  },
  {
    "code": "049",
    "context": "根室標津 | 049 | 北海道標津郡標津町、野付郡別海町（尾岱沼、尾岱沼港町、尾岱沼岬町、尾岱沼潮見町および床丹に限る。）、目梨郡"
  },
  {
    "code": "050",
    "context": "0154 | 釧路 | 050 | 北海道釧路市（音別町を除く。）、阿寒郡、釧路郡"
  },
  {
    "code": "051",
    "context": "01547 | 白糠 | 051 | 北海道釧路市音別町、白糠郡"
  },
  {
    "code": "052",
    "context": "015 | 弟子屈 | 052 | 北海道川上郡"
  },
  {
    "code": "053",
    "context": "0155 | 帯広 | 053 | 北海道帯広市、河西郡、河東郡音更町、中川郡幕別町（忠類朝日、忠類共栄、忠類協徳、忠類公親、忠類幸町、忠類栄町、忠類白銀町、忠類新生、忠類東宝、忠類中当、忠類錦町、忠類西当、忠類晩成、忠類日和、忠類古里、忠類幌内、忠類明和、忠類元忠類および忠類本町を除く。）"
  },
  {
    "code": "054",
    "context": "十勝池田 | 054 | 北海道十勝郡、中川郡（池田町および豊頃町に限る｡）"
  },
  {
    "code": "055",
    "context": "01558 | 広尾 | 055 | 北海道中川郡幕別町（忠類朝日、忠類共栄、忠類協徳、忠類公親、忠類幸町、忠類栄町、忠類白銀町、忠類新生、忠類東宝、忠類中当、忠類錦町、忠類西当、忠類晩成、忠類日和、忠類古里、忠類幌内、忠類明和、忠類元忠類および忠類本町に限る。）、広尾郡"
  },
  {
    "code": "056",
    "context": "0156 | 本別 | 056 | 北海道足寄郡、中川郡本別町"
  },
  {
    "code": "057",
    "context": "01564 | 上士幌 | 057 | 北海道河東郡（上士幌町および士幌町に限る。）"
  },
  {
    "code": "058",
    "context": "十勝清水 | 058 | 北海道河東郡鹿追町、上川郡（清水町および新得町に限る。）"
  },
  {
    "code": "059",
    "context": "0157 | 北見 | 059 | 北海道北見市（常呂町を除く。）、常呂郡（置戸町および訓子府町に限る。）"
  },
  {
    "code": "060",
    "context": "0158 | 紋別 | 060-2 | 北海道紋別市、紋別郡滝上町"
  },
  {
    "code": "062",
    "context": "遠軽 | 062 | 北海道紋別郡遠軽町"
  },
  {
    "code": "063",
    "context": "01586 | 中湧別 | 063 | 北海道紋別郡湧別町"
  },
  {
    "code": "064",
    "context": "01587 | 064 | 北海道常呂郡佐呂間町"
  },
  {
    "code": "065",
    "context": "興部 | 065 | 北海道紋別郡（雄武町、興部町および西興部村に限る。）"
  },
  {
    "code": "066",
    "context": "0162 | 稚内 | 066 | 北海道稚内市、天塩郡豊富町"
  },
  {
    "code": "067",
    "context": "01632 | 天塩 | 067 | 北海道天塩郡（遠別町、天塩町および幌延町に限る。）"
  },
  {
    "code": "068",
    "context": "01634 | 浜頓別 | 068 | 北海道枝幸郡（中頓別町および浜頓別町に限る。）"
  },
  {
    "code": "069",
    "context": "01635 | 069 | 北海道宗谷郡"
  },
  {
    "code": "070",
    "context": "0163 | 北見枝幸 | 070 | 北海道枝幸郡枝幸町"
  },
  {
    "code": "071",
    "context": "利尻礼文 | 071 | 北海道利尻郡、礼文郡"
  },
  {
    "code": "072",
    "context": "0164 | 留萌 | 072 | 北海道留萌市、増毛郡、留萌郡"
  },
  {
    "code": "073",
    "context": "石狩深川 | 073 | 北海道深川市、雨竜郡（秩父別町、沼田町、北竜町および妹背牛町に限る。）"
  },
  {
    "code": "074",
    "context": "羽幌 | 074 | 北海道苫前郡（初山別村、苫前町および羽幌町（天売相影、天売富磯、天売弁天、天売前浜、天売和浦、焼尻白浜、焼尻西浦、焼尻東浜および焼尻緑ヶ丘を除く｡）に限る｡）"
  },
  {
    "code": "075",
    "context": "01648 | 焼尻 | 075 | 北海道苫前郡羽幌町（天売相影、天売富磯、天売弁天、天売前浜、天売和浦、焼尻白浜、焼尻西浦、焼尻東浜および焼尻緑ヶ丘に限る。）"
  },
  {
    "code": "076",
    "context": "0165 | 士別 | 076-2 | 北海道士別市、雨竜郡幌加内町、上川郡（剣淵町および和寒町に限る。）"
  },
  {
    "code": "077",
    "context": "077 | 大津 | 423 | 京都府京都市伏見区醍醐（一ノ切町、二ノ切町および三ノ切町に限る。）、滋賀県大津市、草津市、守山市、野洲市、栗東市"
  },
  {
    "code": "078",
    "context": "078 | 神戸 | 428 | 兵庫県明石市、加古川市平岡町土山、神戸市（北区生野高原住宅を除く）、西宮市（北六甲台、すみれ台および山口町に限る。）、加古郡播磨町（上野添、北野添、古宮、西野添、野添、野添城、東野添、東新島および二子に限る。）"
  },
  {
    "code": "079",
    "context": "079 | 姫路 | 435-2 | 兵庫県高砂市（北浜町北脇および北浜町西浜に限る。）、たつの市御津町、姫路市（安富町を除く。）、揖保郡"
  },
  {
    "code": "081",
    "context": "01654 | 名寄 | 081 | 北海道名寄市（風連町を除く。）"
  },
  {
    "code": "082",
    "context": "01655 | 082 | 北海道名寄市風連町、上川郡下川町"
  },
  {
    "code": "083",
    "context": "01656 | 美深 | 083 | 北海道中川郡（音威子府村、中川町および美深町に限る。）"
  },
  {
    "code": "084",
    "context": "01658 | 上川 | 084 | 北海道上川郡（愛別町および上川町に限る。）"
  },
  {
    "code": "085",
    "context": "0166 | 旭川 | 085 | 北海道旭川市、上川郡（鷹栖町、当麻町、美瑛町、東神楽町、東川町および比布町に限る。）"
  },
  {
    "code": "086",
    "context": "0167 | 富良野 | 086 | 北海道富良野市、空知郡（上富良野町、中富良野町および南富良野町に限る。）、勇払郡占冠村"
  },
  {
    "code": "087",
    "context": "0172 | 弘前 | 087 | 青森県青森市浪岡、黒石市、平川市、弘前市、北津軽郡板柳町、中津軽郡、南津軽郡"
  },
  {
    "code": "088",
    "context": "0173 | 五所川原 | 088 | 青森県五所川原市、つがる市、北津軽郡（鶴田町および中泊町に限る。）"
  },
  {
    "code": "089",
    "context": "鰺ヶ沢 | 089 | 青森県西津軽郡"
  },
  {
    "code": "090",
    "context": "0174 | 蟹田 | 090 | 青森県東津軽郡（今別町、外ヶ浜町および蓬田村に限る。）"
  },
  {
    "code": "091",
    "context": "0175 | むつ | 091 | 青森県むつ市、下北郡"
  },
  {
    "code": "092",
    "context": "野辺地 | 092 | 青森県上北郡（東北町（旭北、旭南、上野、大浦、上北北、上北南および新館を除く。）、野辺地町、横浜町および六ヶ所村に限る。）"
  },
  {
    "code": "093",
    "context": "0176 | 十和田 | 093 | 青森県十和田市、三沢市、上北郡（東北町（旭北、旭南、上野、大浦、上北北、上北南および新館に限る。）、七戸町および六戸町に限る。）"
  },
  {
    "code": "094",
    "context": "017 | 青森 | 094-2 | 青森県青森市（浪岡を除く。）、東津軽郡平内町"
  },
  {
    "code": "095",
    "context": "0178 | 八戸 | 095 | 青森県八戸市、上北郡おいらせ町、三戸郡（五戸町、新郷村、南部町（相内、赤石、大向、沖田面、小向および玉掛を除く。）および階上町に限る。）"
  },
  {
    "code": "096",
    "context": "0179 | 三戸 | 096 | 青森県三戸郡（三戸町、田子町および南部町（相内、赤石、大向、沖田面、小向および玉掛に限る。）に限る。）"
  },
  {
    "code": "097",
    "context": "0182 | 横手 | 097 | 秋田県横手市、雄勝郡東成瀬村、仙北郡美郷町（金沢および野荒町に限る。）"
  },
  {
    "code": "098",
    "context": "0183 | 湯沢 | 098 | 秋田県湯沢市、雄勝郡羽後町"
  },
  {
    "code": "099",
    "context": "0184 | 本荘 | 099 | 秋田県にかほ市、由利本荘市"
  },
  {
    "code": "0123",
    "context": "0123 | 千歳 | 002 | 北海道恵庭市、千歳市（東丘の一部を除く。）、苫小牧市丸山"
  },
  {
    "code": "0124",
    "context": "0124 | 芦別 | 006 | 北海道芦別市"
  },
  {
    "code": "0125",
    "context": "0125 | 滝川 | 007 | 北海道赤平市、歌志内市、砂川市、滝川市、雨竜郡雨竜町、樺戸郡（浦臼町および新十津川町に限る。）、空知郡（上砂川町および奈井江町に限る。）"
  },
  {
    "code": "0126",
    "context": "0126 | 岩見沢 | 008-2 | 北海道岩見沢市（宝水町を除く。）、美唄市、石狩郡新篠津村、樺戸郡月形町"
  },
  {
    "code": "0133",
    "context": "0133 | 石狩 | 011-2 | 北海道石狩市"
  },
  {
    "code": "0134",
    "context": "0134 | 小樽 | 015 | 北海道小樽市"
  },
  {
    "code": "0135",
    "context": "0135 | 余市 | 016 | 北海道積丹郡、古平郡、余市郡"
  },
  {
    "code": "0136",
    "context": "0136 | 倶知安 | 018 | 北海道虻田郡（喜茂別町、京極町、倶知安町、ニセコ町、真狩村および留寿都村に限る。）、磯谷郡"
  },
  {
    "code": "0137",
    "context": "0137 | 今金 | 024 | 北海道久遠郡せたな町（大成区を除く。）、瀬棚郡"
  },
  {
    "code": "0138",
    "context": "0138 | 函館 | 025 | 北海道函館市、北斗市、亀田郡"
  },
  {
    "code": "0139",
    "context": "0139 | 松前 | 027 | 北海道松前郡"
  },
  {
    "code": "0142",
    "context": "0142 | 伊達 | 032 | 北海道伊達市、虻田郡（洞爺湖町および豊浦町に限る。）、有珠郡"
  },
  {
    "code": "0143",
    "context": "0143 | 室蘭 | 033 | 北海道登別市、室蘭市"
  },
  {
    "code": "0144",
    "context": "0144 | 苫小牧 | 034 | 北海道苫小牧市（弁天の一部および丸山を除く。）、白老郡"
  },
  {
    "code": "0145",
    "context": "0145 | 早来 | 035 | 北海道勇払郡（厚真町（鹿沼を除く。）および安平町に限る。）、苫小牧市弁天の一部、千歳市東丘の一部"
  },
  {
    "code": "0146",
    "context": "0146 | 浦河 | 039-2 | 北海道浦河郡、様似郡"
  },
  {
    "code": "0152",
    "context": "0152 | 網走 | 043 | 北海道網走市、北見市常呂町、網走郡大空町（東藻琴、東藻琴清浦、東藻琴栄、東藻琴新富、東藻琴末広、東藻琴大進、東藻琴千草、東藻琴西倉、東藻琴福富、東藻琴明生および東藻琴山園に限る。）、斜里郡小清水町"
  },
  {
    "code": "0153",
    "context": "0153 | 厚岸 | 046 | 北海道厚岸郡"
  },
  {
    "code": "0154",
    "context": "0154 | 釧路 | 050 | 北海道釧路市（音別町を除く。）、阿寒郡、釧路郡"
  },
  {
    "code": "0155",
    "context": "0155 | 帯広 | 053 | 北海道帯広市、河西郡、河東郡音更町、中川郡幕別町（忠類朝日、忠類共栄、忠類協徳、忠類公親、忠類幸町、忠類栄町、忠類白銀町、忠類新生、忠類東宝、忠類中当、忠類錦町、忠類西当、忠類晩成、忠類日和、忠類古里、忠類幌内、忠類明和、忠類元忠類および忠類本町を除く。）"
  },
  {
    "code": "0156",
    "context": "0156 | 本別 | 056 | 北海道足寄郡、中川郡本別町"
  },
  {
    "code": "0157",
    "context": "0157 | 北見 | 059 | 北海道北見市（常呂町を除く。）、常呂郡（置戸町および訓子府町に限る。）"
  },
  {
    "code": "0158",
    "context": "0158 | 紋別 | 060-2 | 北海道紋別市、紋別郡滝上町"
  },
  {
    "code": "0162",
    "context": "0162 | 稚内 | 066 | 北海道稚内市、天塩郡豊富町"
  },
  {
    "code": "0163",
    "context": "0163 | 北見枝幸 | 070 | 北海道枝幸郡枝幸町"
  },
  {
    "code": "0164",
    "context": "0164 | 留萌 | 072 | 北海道留萌市、増毛郡、留萌郡"
  },
  {
    "code": "0165",
    "context": "0165 | 士別 | 076-2 | 北海道士別市、雨竜郡幌加内町、上川郡（剣淵町および和寒町に限る。）"
  },
  {
    "code": "0166",
    "context": "0166 | 旭川 | 085 | 北海道旭川市、上川郡（鷹栖町、当麻町、美瑛町、東神楽町、東川町および比布町に限る。）"
  },
  {
    "code": "0167",
    "context": "0167 | 富良野 | 086 | 北海道富良野市、空知郡（上富良野町、中富良野町および南富良野町に限る。）、勇払郡占冠村"
  },
  {
    "code": "0172",
    "context": "0172 | 弘前 | 087 | 青森県青森市浪岡、黒石市、平川市、弘前市、北津軽郡板柳町、中津軽郡、南津軽郡"
  },
  {
    "code": "0173",
    "context": "0173 | 五所川原 | 088 | 青森県五所川原市、つがる市、北津軽郡（鶴田町および中泊町に限る。）"
  },
  {
    "code": "0174",
    "context": "0174 | 蟹田 | 090 | 青森県東津軽郡（今別町、外ヶ浜町および蓬田村に限る。）"
  },
  {
    "code": "0175",
    "context": "0175 | むつ | 091 | 青森県むつ市、下北郡"
  },
  {
    "code": "0176",
    "context": "0176 | 十和田 | 093 | 青森県十和田市、三沢市、上北郡（東北町（旭北、旭南、上野、大浦、上北北、上北南および新館に限る。）、七戸町および六戸町に限る。）"
  },
  {
    "code": "0178",
    "context": "0178 | 八戸 | 095 | 青森県八戸市、上北郡おいらせ町、三戸郡（五戸町、新郷村、南部町（相内、赤石、大向、沖田面、小向および玉掛を除く。）および階上町に限る。）"
  },
  {
    "code": "0179",
    "context": "0179 | 三戸 | 096 | 青森県三戸郡（三戸町、田子町および南部町（相内、赤石、大向、沖田面、小向および玉掛に限る。）に限る。）"
  },
  {
    "code": "0182",
    "context": "0182 | 横手 | 097 | 秋田県横手市、雄勝郡東成瀬村、仙北郡美郷町（金沢および野荒町に限る。）"
  },
  {
    "code": "0183",
    "context": "0183 | 湯沢 | 098 | 秋田県湯沢市、雄勝郡羽後町"
  },
  {
    "code": "0184",
    "context": "0184 | 本荘 | 099 | 秋田県にかほ市、由利本荘市"
  },
  {
    "code": "0185",
    "context": "0185 | 男鹿 | 100 | 秋田県男鹿市、南秋田郡大潟村"
  },
  {
    "code": "0186",
    "context": "0186 | 鹿角 | 102 | 秋田県鹿角市、鹿角郡小坂町"
  },
  {
    "code": "0187",
    "context": "0187 | 大曲 | 105 | 秋田県大仙市（大神成、上鶯野、北長野、協和荒川、協和稲沢、協和上淀川、協和小種、協和境、協和下淀川、協和中淀川、協和船岡、協和船沢、協和峰吉川、栗沢、清水、下鶯野、豊岡、豊川、長戸呂、長野および鑓見内を除く。）、仙北郡美郷町（金沢および野荒町を除く。）"
  },
  {
    "code": "0191",
    "context": "0191 | 一関 | 108 | 岩手県一関市、西磐井郡"
  },
  {
    "code": "0192",
    "context": "0192 | 大船渡 | 109 | 岩手県大船渡市、陸前高田市、気仙郡"
  },
  {
    "code": "0193",
    "context": "0193 | 宮古 | 110 | 岩手県宮古市、下閉伊郡山田町"
  },
  {
    "code": "0194",
    "context": "0194 | 久慈 | 112 | 岩手県久慈市、九戸郡（野田村および洋野町に限る。）"
  },
  {
    "code": "0195",
    "context": "0195 | 岩手 | 114 | 岩手県八幡平市、岩手郡（岩手町および葛巻町に限る。）"
  },
  {
    "code": "0197",
    "context": "0197 | 水沢 | 117 | 岩手県奥州市、胆沢郡"
  },
  {
    "code": "0198",
    "context": "0198 | 花巻 | 119 | 岩手県花巻市"
  },
  {
    "code": "0220",
    "context": "0220 | 迫 | 122 | 宮城県登米市（石越町、津山町および豊里町を除く。）"
  },
  {
    "code": "0223",
    "context": "0223 | 岩沼 | 123 | 宮城県岩沼市、名取市堀内、亘理郡"
  },
  {
    "code": "0224",
    "context": "0224 | 大河原 | 124 | 宮城県角田市、伊具郡、柴田郡"
  },
  {
    "code": "0225",
    "context": "0225 | 石巻 | 126 | 宮城県石巻市、登米市（津山町および豊里町に限る。）、東松島市、牡鹿郡"
  },
  {
    "code": "0226",
    "context": "0226 | 気仙沼 | 127 | 宮城県気仙沼市、本吉郡"
  },
  {
    "code": "0228",
    "context": "0228 | 築館 | 128 | 宮城県栗原市、登米市石越町"
  },
  {
    "code": "0229",
    "context": "0229 | 古川 | 129 | 宮城県大崎市、加美郡、遠田郡"
  },
  {
    "code": "0233",
    "context": "0233 | 新庄 | 130 | 山形県新庄市、最上郡"
  },
  {
    "code": "0234",
    "context": "0234 | 酒田 | 131 | 山形県酒田市、飽海郡、東田川郡庄内町"
  },
  {
    "code": "0235",
    "context": "0235 | 鶴岡 | 132 | 山形県鶴岡市、東田川郡三川町、新潟県村上市中浜字伊呉野"
  },
  {
    "code": "0237",
    "context": "0237 | 寒河江 | 134 | 山形県寒河江市、西村山郡"
  },
  {
    "code": "0238",
    "context": "0238 | 米沢 | 136 | 山形県南陽市、米沢市、東置賜郡"
  },
  {
    "code": "0240",
    "context": "0240 | 磐城富岡 | 138 | 福島県双葉郡"
  },
  {
    "code": "0241",
    "context": "0241 | 喜多方 | 139 | 福島県喜多方市（高郷町を除く。）、河沼郡湯川村、耶麻郡北塩原村"
  },
  {
    "code": "0242",
    "context": "0242 | 会津若松 | 143 | 福島県会津若松市、大沼郡会津美里町、河沼郡会津坂下町、耶麻郡（猪苗代町および磐梯町に限る。）"
  },
  {
    "code": "0243",
    "context": "0243 | 二本松 | 144 | 福島県二本松市、本宮市、安達郡"
  },
  {
    "code": "0244",
    "context": "0244 | 原町 | 145 | 福島県相馬市、南相馬市、相馬郡"
  },
  {
    "code": "0246",
    "context": "0246 | いわき | 147 | 福島県いわき市"
  },
  {
    "code": "0247",
    "context": "0247 | 石川 | 148 | 福島県石川郡、東白川郡"
  },
  {
    "code": "0248",
    "context": "0248 | 須賀川 | 150 | 福島県須賀川市、岩瀬郡"
  },
  {
    "code": "0250",
    "context": "0250 | 新津 | 154 | 新潟県阿賀野市、五泉市、新潟市秋葉区（覚路津を除く。）"
  },
  {
    "code": "0254",
    "context": "0254 | 新発田 | 155 | 新潟県新発田市、胎内市、北蒲原郡聖籠町（位守町、亀塚、東港および別條を除く｡ ）"
  },
  {
    "code": "0255",
    "context": "0255 | 新井 | 159 | 新潟県上越市（板倉区および中郷区に限る。）、妙高市"
  },
  {
    "code": "0256",
    "context": "0256 | 巻 | 162 | 新潟県燕市（秋葉町、井土巻、大関、大船渡、大曲、上児木、勘新、蔵関、小池、小池新町、穀町、小関、小高、寿町、小中川、小古津新、小牧、幸町、桜町、佐渡、三王渕、下児木、新栄町、新生町、新町、水道町、杉名、杉柳、関崎、杣木、舘野、中央通、長所、長所乙、長所甲、次新、燕、道金、殿島、中川、仲町、長渡、二階堂、灰方、白山町、八王寺、花園町、花見、東太田、日之出町、物流センター、本町、又新、松橋、南、宮町、柳山、横田および四ツ屋を除く。）、新潟市西蒲区（打越、姥島、潟浦新、上小吉、高野宮、河間、五之上、小吉、道上、中之口、長場、羽黒、針ヶ曽根、東小吉、東中、東船越、福島、真木、巻大原、牧ケ島、三ツ門、門田および六部を除く。）、長岡市（赤沼、大沼新田、小沼新田、下沼新田、寺泊小豆曽根、寺泊有信、寺泊入軽井、寺泊岩方、寺泊木島、寺泊北曽根、寺泊五分一、寺泊下桐、寺泊下中条、寺泊新長、寺泊高内、寺泊竹森、寺泊田尻、寺泊敦ケ曽根、寺泊当新田、寺泊中曽根、寺泊硲田、寺泊万善寺、寺泊平野新村新田、寺泊蛇塚、寺泊町軽井、寺泊求草、寺泊矢田、寺泊鰐口、中条新田、中之島西野および真野代新田に限る。）、西蒲原郡"
  },
  {
    "code": "0257",
    "context": "0257 | 柏崎 | 165 | 新潟県柏崎市、刈羽郡"
  },
  {
    "code": "0258",
    "context": "0258 | 長岡 | 168 | 新潟県小千谷市、長岡市（赤沼、大沼新田、小沼新田、下沼新田、寺泊小豆曽根、寺泊有信、寺泊入軽井、寺泊岩方、寺泊木島、寺泊北曽根、寺泊五分一、寺泊下桐、寺泊下中条、寺泊新長、寺泊高内、寺泊竹森、寺泊田尻、寺泊敦ケ曽根、寺泊当新田、寺泊中曽根、寺泊硲田、寺泊万善寺、寺泊平野新村新田、寺泊蛇塚、寺泊町軽井、寺泊求草、寺泊矢田、寺泊鰐口、中条新田、中之島西野および真野代新田を除く。）、見附市、三島郡"
  },
  {
    "code": "0259",
    "context": "0259 | 佐渡 | 169-2 | 新潟県佐渡市"
  },
  {
    "code": "0260",
    "context": "0260 | 阿南町 | 171 | 長野県飯田市（上村、南信濃木沢、南信濃南和田、南信濃八重河内および南信濃和田に限る。）、下伊那郡（阿南町、売木村、下條村、天龍村および泰阜村に限る。）"
  },
  {
    "code": "0261",
    "context": "0261 | 大町 | 172 | 長野県大町市、北安曇郡"
  },
  {
    "code": "0263",
    "context": "0263 | 松本 | 174 | 長野県安曇野市、塩尻市（木曽平沢、奈良井、贄川および北小野を除く。）、松本市、東筑摩郡"
  },
  {
    "code": "0264",
    "context": "0264 | 木曾福島 | 175 | 長野県塩尻市（木曽平沢、奈良井および贄川に限る。）、木曽郡（南木曽町田立を除く。）"
  },
  {
    "code": "0265",
    "context": "0265 | 伊那 | 176 | 長野県伊那市、駒ヶ根市、上伊那郡（辰野町を除く。）"
  },
  {
    "code": "0266",
    "context": "0266 | 諏訪 | 178 | 長野県岡谷市、諏訪市、茅野市、上伊那郡辰野町、諏訪郡、塩尻市北小野、山梨県北杜市白州町大武川"
  },
  {
    "code": "0267",
    "context": "0267 | 小諸 | 179 | 長野県小諸市、北佐久郡（立科町を除く。）"
  },
  {
    "code": "0268",
    "context": "0268 | 上田 | 181 | 長野県上田市、東御市、小県郡、埴科郡"
  },
  {
    "code": "0269",
    "context": "0269 | 中野 | 182 | 長野県中野市、下高井郡山ノ内町"
  },
  {
    "code": "0270",
    "context": "0270 | 伊勢崎 | 184 | 群馬県伊勢崎市、佐波郡"
  },
  {
    "code": "0274",
    "context": "0274 | 富岡 | 187 | 群馬県富岡市、甘楽郡"
  },
  {
    "code": "0276",
    "context": "0276 | 太田 | 189 | 群馬県太田市（市場町、大久保町、大原町、藪塚町、山之神町、寄合町および六千石町を除く。）、館林市、邑楽郡、埼玉県熊谷市妻沼小島"
  },
  {
    "code": "0277",
    "context": "0277 | 桐生 | 190 | 群馬県太田市（大久保町、大原町、藪塚町、山之神町、寄合町および六千石町に限る。）、桐生市、みどり市"
  },
  {
    "code": "0278",
    "context": "0278 | 沼田 | 191 | 群馬県沼田市、利根郡"
  },
  {
    "code": "0279",
    "context": "0279 | 渋川 | 192 | 群馬県渋川市、吾妻郡（高山村、中之条町（赤岩、入山、太子、小雨、生須および日影を除く。）および東吾妻町に限る。）、北群馬郡"
  },
  {
    "code": "0280",
    "context": "0280 | 古河 | 194 | 茨城県古河市、坂東市（生子、生子新田、逆井、菅谷および山に限る。）、猿島郡、埼玉県加須市（飯積、伊賀袋、小野袋、柏戸、駒場、栄、本郷、向古河、麦倉、柳生および陽光台に限る。）、栃木県小山市下生井、下都賀郡野木町"
  },
  {
    "code": "0282",
    "context": "0282 | 栃木 | 195 | 栃木県小山市（上生井および白鳥に限る。）、栃木市、下都賀郡壬生町"
  },
  {
    "code": "0283",
    "context": "0283 | 佐野 | 196 | 栃木県佐野市"
  },
  {
    "code": "0284",
    "context": "0284 | 足利 | 197 | 群馬県太田市市場町、栃木県足利市"
  },
  {
    "code": "0285",
    "context": "0285 | 真岡 | 198 | 栃木県真岡市、芳賀郡（芳賀町を除く。）"
  },
  {
    "code": "0287",
    "context": "0287 | 黒磯 | 201 | 栃木県那須塩原市（東町、あたご町、井口、石林、一区町、宇都野、扇町、遅野沢、折戸、金沢、上赤田、上大貫、上塩原、上横林、北赤田、北二つ室、五軒町、笹沼、三区町、塩原、下大貫、下田野、下永田、新南、関根、関谷、千本松、高阿津、高柳、太夫塚、槻沢、中塩原、永田町、二区町、西赤田、西朝日町、西遅沢、西幸町、西栄町、西富山、西原町、西三島、西大和、接骨木、東赤田、東遅沢、東関根、東三島、蟇沼、二つ室、三島、緑、南赤田、南郷屋、南町、睦、湯本塩原、横林および四区町を除く。）、那須郡那須町"
  },
  {
    "code": "0288",
    "context": "0288 | 今市 | 204 | 栃木県日光市"
  },
  {
    "code": "0289",
    "context": "0289 | 鹿沼 | 205 | 栃木県鹿沼市"
  },
  {
    "code": "0291",
    "context": "0291 | 鉾田 | 206 | 茨城県行方市（内宿、小貫、小幡、北高岡、中根、長野江、次木、成田、繁昌、南高岡、三和、山田、行戸、吉川および両宿に限る。）、鉾田市"
  },
  {
    "code": "0293",
    "context": "0293 | 高萩 | 208 | 茨城県北茨城市、高萩市"
  },
  {
    "code": "0294",
    "context": "0294 | 常陸太田 | 209 | 茨城県日立市、常陸太田市"
  },
  {
    "code": "0295",
    "context": "0295 | 常陸大宮 | 210-2 | 茨城県常陸大宮市"
  },
  {
    "code": "0296",
    "context": "0296 | 笠間 | 212 | 茨城県笠間市（安居、泉、泉市野谷入会地、市野谷、押辺、上郷、下郷、土師、福島および吉岡を除く。）、桜川市（青木、阿部田、大国玉、大曽根、金敷、高久、高森、羽田、東飯田、真壁町および本木を除く。）、東茨城郡城里町（大網、小勝、上赤沢、真端、塩子、下赤沢および徳蔵に限る。）"
  },
  {
    "code": "0297",
    "context": "0297 | 竜ケ崎 | 214 | 茨城県稲敷市（伊崎、伊佐津、戌渡、太田、小野、上根本、柴崎、下太田、下根本、角崎、寺内、中山、羽賀浦、堀川、狸穴および南太田に限る。）、取手市、龍ケ崎市、稲敷郡河内町、北相馬郡"
  },
  {
    "code": "0299",
    "context": "0299 | 石岡 | 217 | 茨城県石岡市、小美玉市、笠間市（安居、泉、泉市野谷入会地、市野谷、押辺、上郷、下郷、土師、福島および吉岡に限る。）、かすみがうら市（有河、安食、一の瀬、一の瀬上流、岩坪、牛渡、大和田、男神、柏崎、上大堤、上軽部、加茂、坂、宍倉、志戸崎、下大堤、下軽部、田伏、戸崎、中台、西成井、深谷、三ツ木および南根本を除く。）、行方市（荒宿、井上、井上藤井、沖洲、西蓮寺、芹沢、玉造乙、玉造甲、手賀、捻木、羽生、浜、藤井、八木蒔、谷島および若海に限る。）"
  },
  {
    "code": "0422",
    "context": "0422 | 220 | 東京都小金井市（梶野町一丁目から四丁目まで並びに東町二丁目および三丁目に限る。）、調布市（深大寺東町七丁目および野水に限る。）、西東京市新町、三鷹市（中原一丁目を除く。）、武蔵野市"
  },
  {
    "code": "0428",
    "context": "0428 | 青梅 | 226 | 東京都青梅市、西多摩郡奥多摩町、山梨県北都留郡"
  },
  {
    "code": "0436",
    "context": "0436 | 市原 | 230 | 千葉県市原市"
  },
  {
    "code": "0438",
    "context": "0438 | 木更津 | 231 | 千葉県木更津市、袖ヶ浦市"
  },
  {
    "code": "0439",
    "context": "0439 | 232 | 千葉県君津市、富津市"
  },
  {
    "code": "0460",
    "context": "0460 | 小田原 | 235 | 神奈川県足柄下郡箱根町、静岡県裾野市茶畑"
  },
  {
    "code": "0463",
    "context": "0463 | 平塚 | 237 | 神奈川県伊勢原市、秦野市、平塚市、中郡"
  },
  {
    "code": "0465",
    "context": "0465 | 238 | 神奈川県小田原市、南足柄市、足柄上郡、足柄下郡（真鶴町および湯河原町に限る。）、静岡県熱海市（泉元宮上分、泉元宮下分および泉元門川分に限る。）"
  },
  {
    "code": "0466",
    "context": "0466 | 藤沢 | 239 | 神奈川県藤沢市"
  },
  {
    "code": "0467",
    "context": "0467 | 240 | 神奈川県綾瀬市、鎌倉市、逗子市小坪（一部を除く。）、茅ヶ崎市、高座郡"
  },
  {
    "code": "0470",
    "context": "0470 | 館山 | 242 | 千葉県館山市、南房総市、安房郡"
  },
  {
    "code": "0475",
    "context": "0475 | 東金 | 248 | 千葉県大網白里市、東金市、山武市（松尾町を除く。）、山武郡九十九里町"
  },
  {
    "code": "0476",
    "context": "0476 | 成田 | 250 | 千葉県印西市、富里市、成田市、印旛郡（酒々井町を除く。）"
  },
  {
    "code": "0478",
    "context": "0478 | 佐原 | 251 | 千葉県香取市、香取郡（神崎町および東庄町に限る。）"
  },
  {
    "code": "0479",
    "context": "0479 | 銚子 | 252 | 茨城県神栖市（太田、太田新町、須田、砂山、土合北、土合中央、土合西、土合東、土合本町、土合南、波崎、波崎新港、矢田部、柳川、柳川中央および若松中央に限る。）、千葉県銚子市"
  },
  {
    "code": "0480",
    "context": "0480 | 久喜 | 256 | 埼玉県加須市（飯積、伊賀袋、小野袋、柏戸、駒場、栄、本郷、向古河、麦倉、柳生および陽光台を除く。）、久喜市、幸手市、白岡市、北葛飾郡杉戸町、南埼玉郡"
  },
  {
    "code": "0493",
    "context": "0493 | 東松山 | 260 | 埼玉県熊谷市（相上、冑山、吉所敷、小八林、高本、玉作、津田、津田新田、沼黒、船木台、箕輪および向谷に限る。）、東松山市、秩父郡東秩父村、比企郡（小川町、ときがわ町、滑川町、吉見町および嵐山町に限る。）"
  },
  {
    "code": "0494",
    "context": "0494 | 秩父 | 261 | 埼玉県秩父市、秩父郡（東秩父村を除く。）"
  },
  {
    "code": "0495",
    "context": "0495 | 本庄 | 262 | 埼玉県本庄市、児玉郡（神川町（上阿久原、下阿久原、矢納および渡瀬を除く。）、上里町および美里町に限る。）"
  },
  {
    "code": "0531",
    "context": "0531 | 田原 | 269-2 | 愛知県田原市"
  },
  {
    "code": "0532",
    "context": "0532 | 豊橋 | 272 | 愛知県豊橋市"
  },
  {
    "code": "0533",
    "context": "0533 | 273 | 愛知県蒲郡市、豊川市"
  },
  {
    "code": "0536",
    "context": "0536 | 新城 | 274-2 | 愛知県新城市"
  },
  {
    "code": "0537",
    "context": "0537 | 掛川 | 280 | 静岡県御前崎市（御前崎、白羽および港を除く。）、掛川市、菊川市（牛渕、倉沢、小沢および沢水加を除く。）"
  },
  {
    "code": "0538",
    "context": "0538 | 磐田 | 281 | 静岡県磐田市（家田、壱貫地、岩室、大平、大当所、掛下、上神増、上野部、神増、合代島、敷地、下神増、下野部、新開、惣兵衛下新田、平松、松之木島、万瀬、三家、虫生および社山を除く。）、袋井市、周智郡"
  },
  {
    "code": "0539",
    "context": "0539 | 天竜 | 282 | 静岡県磐田市（家田、壱貫地、岩室、大平、大当所、掛下、上神増、上野部、神増、合代島、敷地、下神増、下野部、新開、惣兵衛下新田、平松、松之木島、万瀬、三家、虫生および社山に限る。）"
  },
  {
    "code": "0544",
    "context": "0544 | 富士宮 | 285 | 静岡県富士宮市"
  },
  {
    "code": "0545",
    "context": "0545 | 富士 | 286 | 静岡県富士市"
  },
  {
    "code": "0547",
    "context": "0547 | 島田 | 287 | 静岡県島田市、榛原郡川根本町"
  },
  {
    "code": "0548",
    "context": "0548 | 榛原 | 288 | 静岡県御前崎市（御前崎、白羽および港に限る。）、菊川市（牛渕、倉沢、小沢および沢水加に限る。）、牧之原市、榛原郡吉田町"
  },
  {
    "code": "0550",
    "context": "0550 | 御殿場 | 289 | 静岡県御殿場市、駿東郡小山町"
  },
  {
    "code": "0551",
    "context": "0551 | 韮崎 | 290 | 山梨県甲斐市（岩森、宇津谷、大垈、志田、下今井、菖蒲澤、團子新居および龍地に限る。）、韮崎市、北杜市（白州町大武川を除く。）"
  },
  {
    "code": "0553",
    "context": "0553 | 山梨 | 292 | 山梨県甲州市、笛吹市（一宮町および春日居町に限る。）、山梨市"
  },
  {
    "code": "0554",
    "context": "0554 | 大月 | 293 | 山梨県上野原市、大月市、都留市、南都留郡道志村"
  },
  {
    "code": "0555",
    "context": "0555 | 吉田 | 294 | 山梨県甲府市（梯町および古関町に限る。）、富士吉田市、南都留郡（忍野村、鳴沢村、西桂町、富士河口湖町および山中湖村に限る｡ ）"
  },
  {
    "code": "0556",
    "context": "0556 | 鰍沢青柳 | 295 | 山梨県西八代郡市川三郷町（岩下、岩間、落居、鴨狩津向、楠甫、五八、葛籠沢、寺所および宮原に限る。）、南巨摩郡（早川町、富士川町および身延町（相又、粟倉、梅平、大崩、大島、大城、大垈、大野、小田船原、帯金、門野、上八木沢、下八木沢、下山、清子、角打、椿草里、波木井、樋之上、丸滝、光子沢、身延、横根中および和田を除く。）に限る。）"
  },
  {
    "code": "0557",
    "context": "0557 | 伊東 | 297 | 静岡県熱海市（泉元宮上分、泉元宮下分および泉元門川分を除く。）、伊豆市冷川、伊東市、賀茂郡東伊豆町"
  },
  {
    "code": "0558",
    "context": "0558 | 修善寺大仁 | 298 | 静岡県伊豆市（冷川を除く。）、伊豆の国市（浮橋、大仁、神島、下畑、白山堂、宗光寺、星和、田京、立花、田中山、田原野、長者原、中島、御門、三福、守木および吉田に限る。）、沼津市（井田および戸田に限る。）"
  },
  {
    "code": "0561",
    "context": "0561 | 瀬戸 | 301-3 | 愛知県尾張旭市（霞ヶ丘町、庄南町、東名西町、西山町、東山町および吉岡町を除く。）、瀬戸市（鹿乗町を除く。）、長久手市、日進市（赤池町、赤池、浅田町、梅森町および香久山を除く。）、みよし市、愛知郡東郷町（春木の一部を除く。）"
  },
  {
    "code": "0562",
    "context": "0562 | 尾張横須賀 | 304 | 愛知県大府市、知多市（神田、新広見、旭南、金沢、新舞子および南粕谷を除く。）、東海市（大田町、加木屋町、高横須賀町、元浜町、養父町、横須賀町、中ノ池および中央町に限る。）、豊明市、知多郡東浦町"
  },
  {
    "code": "0563",
    "context": "0563 | 西尾 | 305 | 愛知県西尾市"
  },
  {
    "code": "0564",
    "context": "0564 | 岡崎 | 306 | 愛知県岡崎市、額田郡"
  },
  {
    "code": "0565",
    "context": "0565 | 豊田 | 307 | 愛知県豊田市"
  },
  {
    "code": "0566",
    "context": "0566 | 刈谷 | 308 | 愛知県安城市、刈谷市、高浜市、知立市、碧南市"
  },
  {
    "code": "0567",
    "context": "0567 | 津島 | 309-2 | 愛知県愛西市、稲沢市平和町、津島市、弥富市、海部郡（大治町を除く。）、三重県桑名郡"
  },
  {
    "code": "0568",
    "context": "0568 | 春日井 | 312 | 愛知県犬山市、春日井市、北名古屋市、小牧市、瀬戸市（鹿乗町に限る。）、西春日井郡"
  },
  {
    "code": "0569",
    "context": "0569 | 半田 | 313 | 愛知県知多市（神田、新広見、旭南、金沢、新舞子および南粕谷に限る。）、常滑市、半田市、知多郡（阿久比町、武豊町、南知多町および美浜町に限る。）"
  },
  {
    "code": "0572",
    "context": "0572 | 多治見 | 314 | 岐阜県恵那市明智町吉良見、多治見市、土岐市、瑞浪市"
  },
  {
    "code": "0573",
    "context": "0573 | 恵那 | 315 | 岐阜県恵那市（明智町吉良見を除く。）、中津川市蛭川"
  },
  {
    "code": "0574",
    "context": "0574 | 美濃加茂 | 317 | 岐阜県可児市、美濃加茂市、可児郡、加茂郡（川辺町、坂祝町、七宗町、富加町および八百津町に限る。）"
  },
  {
    "code": "0575",
    "context": "0575 | 関 | 319 | 岐阜県関市（板取、洞戸阿部、洞戸市場、洞戸大野、洞戸小瀬見、洞戸尾倉、洞戸片、洞戸栗原、洞戸黒谷、洞戸高賀、洞戸高見、洞戸小坂、洞戸菅谷、洞戸通元寺および洞戸飛瀬を除く。）、美濃市"
  },
  {
    "code": "0576",
    "context": "0576 | 下呂 | 321 | 岐阜県下呂市"
  },
  {
    "code": "0577",
    "context": "0577 | 高山 | 323 | 岐阜県高山市（奥飛騨温泉郷、上宝町および荘川町を除く。）、飛騨市（神岡町を除く。）"
  },
  {
    "code": "0578",
    "context": "0578 | 神岡 | 324 | 岐阜県高山市（奥飛騨温泉郷および上宝町に限る。）、飛騨市神岡町"
  },
  {
    "code": "0581",
    "context": "0581 | 高富 | 326-3 | 岐阜県関市（板取、洞戸阿部、洞戸市場、洞戸大野、洞戸小瀬見、洞戸尾倉、洞戸片、洞戸栗原、洞戸黒谷、洞戸高賀、洞戸高見、洞戸小坂、洞戸菅谷、洞戸通元寺および洞戸飛瀬に限る。）、山県市、揖斐郡揖斐川町徳山、本巣市（浅木、海老、上真桑、軽海、小柿、国領、下福島、下真桑、十四条、宗慶、温井、政田、有里、石神、石原、数屋、上高屋、上保、北野、郡府、七五三、随原、長屋、早野、春近、仏生寺、三橋、見延および屋井を除く｡）"
  },
  {
    "code": "0584",
    "context": "0584 | 大垣 | 332 | 岐阜県大垣市、海津市、瑞穂市呂久、安八郡、揖斐郡池田町市橋、不破郡、養老郡"
  },
  {
    "code": "0585",
    "context": "0585 | 揖斐川 | 333 | 岐阜県揖斐郡（池田町市橋および揖斐川町徳山を除く。）"
  },
  {
    "code": "0586",
    "context": "0586 | 一宮 | 334-2 | 愛知県一宮市、稲沢市（ 西島町 、 生出上山町 、 生出河戸町 、 生出郷前町 、 生出西道根町 、 生出東道根町 、 生出横西町 および 横野町 に限る。）、岐阜県各務原市（川島笠田町、川島北山町、川島小網町、川島河田町、川島竹早町、川島松倉町、川島松原町、川島緑町および川島渡町に限る。）"
  },
  {
    "code": "0587",
    "context": "0587 | 336 | 愛知県稲沢市（西島町、生出上山町、生出河戸町、生出郷前町、生出西道根町、生出東道根町、生出横西町、平和町および横野町を除く。）、岩倉市、江南市、丹羽郡"
  },
  {
    "code": "0594",
    "context": "0594 | 桑名 | 339 | 三重県いなべ市、桑名市、員弁郡"
  },
  {
    "code": "0595",
    "context": "0595 | 上野 | 340 | 三重県伊賀市、名張市"
  },
  {
    "code": "0596",
    "context": "0596 | 伊勢 | 343 | 三重県伊勢市、多気郡明和町、度会郡（玉城町、南伊勢町（阿曽浦、大江、大方竈 、小方竈、神前浦、河内、古和浦、新桑竈、慥柄浦、棚橋竈、東宮、栃木竈、奈屋浦、贄浦、方座浦、道方、道行竈および村山に限る。）および度会町に限る。）"
  },
  {
    "code": "0597",
    "context": "0597 | 尾鷲 | 344-3 | 三重県尾鷲市、北牟婁郡紀北町"
  },
  {
    "code": "0598",
    "context": "0598 | 松阪 | 349-2 | 三重県松阪市、多気郡多気町"
  },
  {
    "code": "0599",
    "context": "0599 | 鳥羽 | 357 | 三重県鳥羽市"
  },
  {
    "code": "0721",
    "context": "0721 | 富田林 | 365 | 大阪府河内長野市、富田林市（青葉丘、加太、廿山、五軒家および新青葉丘町を除く。）、南河内郡"
  },
  {
    "code": "0725",
    "context": "0725 | 和泉 | 369 | 大阪府和泉市、泉大津市、泉北郡（忠岡町新浜を除く。）"
  },
  {
    "code": "0735",
    "context": "0735 | 新宮 | 374 | 三重県南牟婁郡紀宝町、和歌山県新宮市、田辺市本宮町、東牟婁郡（北山村、太地町および那智勝浦町に限る。）"
  },
  {
    "code": "0736",
    "context": "0736 | 岩出 | 376 | 和歌山県岩出市、紀の川市"
  },
  {
    "code": "0737",
    "context": "0737 | 湯浅 | 378 | 和歌山県有田市、有田郡、伊都郡かつらぎ町（花園新子、花園池ノ窪、花園北寺、花園久木、花園中南および花園梁瀬に限る。）"
  },
  {
    "code": "0738",
    "context": "0738 | 御坊 | 379 | 和歌山県御坊市、日高郡（印南町、日高町、日高川町、美浜町および由良町に限る。）"
  },
  {
    "code": "0739",
    "context": "0739 | 田辺 | 380 | 和歌山県田辺市（本宮町を除く。）、西牟婁郡、日高郡みなべ町"
  },
  {
    "code": "0740",
    "context": "0740 | 今津 | 381 | 滋賀県高島市"
  },
  {
    "code": "0742",
    "context": "0742 | 奈良 | 382 | 奈良県奈良市（藺生町、荻町、小倉町、上深川町、下深川町、月ヶ瀬石打、月ヶ瀬尾山、月ヶ瀬嵩、月ヶ瀬月瀬、月ヶ瀬長引、月ヶ瀬桃香野、都祁小山戸町、都祁甲岡町、都祁こぶしが丘、都祁白石町、都祁相河町、都祁友田町、都祁吐山町、都祁馬場町、都祁南之庄町、針ヶ別所町、針町および来迎寺町を除く。）"
  },
  {
    "code": "0743",
    "context": "0743 | 383-2 | 大阪府四條畷市（上田原、さつきヶ丘、下田原、田原台および緑風台に限る。）、京都府相楽郡（笠置町および南山城村に限る。）、奈良県生駒市、宇陀市（室生小原、室生染田、室生多田および室生無山に限る。）、天理市、奈良市（藺生町、荻町、小倉町、上深川町、下深川町、月ヶ瀬石打、月ヶ瀬尾山、月ヶ瀬嵩、月ヶ瀬月瀬、月ヶ瀬長引、月ヶ瀬桃香野、都祁小山戸町、都祁甲岡町、都祁こぶしが丘、都祁白石町、都祁相河町、都祁友田町、都祁吐山町、都祁馬場町、都祁南之庄町、針ヶ別所町、針町および来迎寺町に限る。）、大和郡山市、生駒郡安堵町、磯城郡川西町下永、山辺郡"
  },
  {
    "code": "0744",
    "context": "0744 | 大和高田 | 385-2 | 奈良県橿原市、桜井市、磯城郡田原本町、高市郡（明日香村および高取町（越智、車木、寺崎および丹生谷を除く。）に限る。）"
  },
  {
    "code": "0745",
    "context": "0745 | 387 | 奈良県香芝市、葛城市、御所市、大和高田市、生駒郡（斑鳩町、三郷町および平群町に限る。）、北葛城郡、磯城郡（川西町（下永を除く。）および三宅町に限る。）、高市郡高取町（越智、車木、寺崎および丹生谷に限る。）、吉野郡大淀町（今木、大岩および鉾立に限る。）"
  },
  {
    "code": "0746",
    "context": "0746 | 吉野 | 389-2 | 奈良県吉野郡（大淀町（北野、北六田、中増、西増、新野、馬佐、比曽および増口に限る。）、川上村、東吉野村および吉野町に限る。）"
  },
  {
    "code": "0747",
    "context": "0747 | 五条 | 394-2 | 奈良県五條市、吉野郡野迫川村"
  },
  {
    "code": "0748",
    "context": "0748 | 八日市 | 397 | 滋賀県近江八幡市、東近江市（愛東外町、青山町、池庄町、池之尻町、市ヶ原町、今在家町、妹町、上中野町、梅林町、大沢町、大清水町、大萩町、大林町、小倉町、長町、上岸本町、上山町、祇園町、北坂町、北清水町、北花沢町、北菩提寺町、小池町、小田苅町、小八木町、下一色町、下岸本町、下里町、下中野町、清水中町、勝堂町、僧坊町、曽根町、園町、大覚寺町、中一色町、中岸本町、中里町、中戸町、鯰江町、西菩提寺町、百済寺甲町、百済寺町、百済寺本町、平尾町、平松町、平柳町、南清水町、南花沢町、南菩提寺町、湯屋町、横溝町および読合堂町を除く。）、蒲生郡"
  },
  {
    "code": "0749",
    "context": "0749 | 彦根 | 399 | 滋賀県東近江市（愛東外町、青山町、池庄町、池之尻町、市ヶ原町、今在家町、妹町、上中野町、梅林町、大沢町、大清水町、大萩町、大林町、小倉町、長町、上岸本町、上山町、祇園町、北坂町、北清水町、北花沢町、北菩提寺町、小池町、小田苅町、小八木町、下一色町、下岸本町、下里町、下中野町、清水中町、勝堂町、僧坊町、曽根町、園町、大覚寺町、中一色町、中岸本町、中里町、中戸町、鯰江町、西菩提寺町、百済寺甲町、百済寺町、百済寺本町、平尾町、平松町、平柳町、南清水町、南花沢町、南菩提寺町、湯屋町、横溝町および読合堂町に限る。）、彦根市、犬上郡、愛知郡"
  },
  {
    "code": "0761",
    "context": "0761 | 小松 | 402 | 石川県小松市、能美市"
  },
  {
    "code": "0763",
    "context": "0763 | 福野 | 406 | 富山県砺波市、南砺市"
  },
  {
    "code": "0765",
    "context": "0765 | 魚津 | 408 | 富山県魚津市、黒部市、下新川郡"
  },
  {
    "code": "0766",
    "context": "0766 | 高岡 | 409 | 富山県射水市、小矢部市、高岡市、氷見市"
  },
  {
    "code": "0767",
    "context": "0767 | 七尾 | 410 | 石川県七尾市、鹿島郡"
  },
  {
    "code": "0768",
    "context": "0768 | 輪島 | 412 | 石川県輪島市、鳳珠郡穴水町"
  },
  {
    "code": "0770",
    "context": "0770 | 敦賀 | 414 | 福井県敦賀市、三方郡、三方上中郡若狭町（相田、生倉、井崎、岩屋、上野、海山、上瀬、小川、北前川、気山、倉見、佐古、島の内、塩坂越、成願寺、白屋、世久見、田井、田上、館川、田名、中央、常神、鳥浜、成出、能登野、東黒田、藤井、三方、神子、南前川、向笠、遊子および横渡に限る。）"
  },
  {
    "code": "0771",
    "context": "0771 | 亀岡 | 416 | 京都府亀岡市、南丹市八木町"
  },
  {
    "code": "0772",
    "context": "0772 | 宮津 | 418 | 京都府宮津市、与謝郡"
  },
  {
    "code": "0773",
    "context": "0773 | 福知山 | 420 | 京都府綾部市、福知山市"
  },
  {
    "code": "0774",
    "context": "0774 | 宇治 | 422 | 京都府宇治市、木津川市、京田辺市、城陽市、久世郡久御山町（市田、栄、佐古、佐山、下津屋、田井および林に限る。）、相楽郡（精華町および和束町に限る。）、綴喜郡"
  },
  {
    "code": "0776",
    "context": "0776 | 福井 | 424-2 | 福井県あわら市、坂井市、福井市、吉田郡"
  },
  {
    "code": "0778",
    "context": "0778 | 武生 | 425 | 福井県越前市、鯖江市、今立郡、南条郡、丹生郡"
  },
  {
    "code": "0779",
    "context": "0779 | 大野 | 426 | 福井県大野市、勝山市"
  },
  {
    "code": "0790",
    "context": "0790 | 播磨山崎 | 429 | 兵庫県宍粟市、姫路市安富町、佐用郡"
  },
  {
    "code": "0791",
    "context": "0791 | 竜野 | 431 | 兵庫県たつの市（新宮町角亀および御津町を除く。）"
  },
  {
    "code": "0794",
    "context": "0794 | 三木 | 439 | 兵庫県小野市、三木市"
  },
  {
    "code": "0795",
    "context": "0795 | 西脇 | 440 | 兵庫県加東市、西脇市、多可郡"
  },
  {
    "code": "0796",
    "context": "0796 | 豊岡 | 443 | 兵庫県豊岡市、美方郡香美町香住区"
  },
  {
    "code": "0797",
    "context": "0797 | 西宮 | 446 | 兵庫県芦屋市、宝塚市（鹿塩、駒の町、新明和町、長尾台、仁川旭ガ丘、仁川うぐいす台、仁川北、仁川台、仁川高台、仁川高丸、仁川団地、仁川月見ガ丘、仁川宮西町、花屋敷荘園、花屋敷つつじガ丘、花屋敷松ガ丘、雲雀丘、雲雀丘山手およびふじガ丘を除く。）、西宮市（清瀬台、塩瀬町名塩、塩瀬町生瀬、名塩ガーデン、名塩山荘、名塩新町、名塩茶園町、名塩南台、生瀬高台、生瀬町、生瀬町東町、花の峯、東山台、宝生ヶ丘および青葉台に限る。）、神戸市（北区生野高原住宅に限る。）"
  },
  {
    "code": "0798",
    "context": "0798 | 447 | 兵庫県宝塚市（鹿塩、駒の町、新明和町、仁川旭ガ丘、仁川うぐいす台、仁川北、仁川台、仁川高台、仁川高丸、仁川団地、仁川月見ガ丘および仁川宮西町に限る。）、西宮市（北六甲台、すみれ台、山口町、清瀬台、塩瀬町名塩、塩瀬町生瀬、名塩ガーデン、名塩山荘、名塩新町、名塩茶園町、名塩南台、生瀬高台、生瀬町、生瀬町東町、花の峯、東山台、宝生ヶ丘および青葉台を除く。）"
  },
  {
    "code": "0799",
    "context": "0799 | 洲本 | 448 | 兵庫県洲本市、南あわじ市"
  },
  {
    "code": "0820",
    "context": "0820 | 柳井 | 451 | 山口県光市（岩田、岩田立野、塩田、束荷および三輪に限る。）、柳井市、熊毛郡"
  },
  {
    "code": "0823",
    "context": "0823 | 呉 | 453 | 広島県江田島市、呉市、東広島市（黒瀬学園台、黒瀬春日野、黒瀬切田が丘、黒瀬桜が丘、黒瀬町市飯田、黒瀬町大多田、黒瀬町小多田、黒瀬町兼沢、黒瀬町兼広、黒瀬町上保田、黒瀬町川角、黒瀬町切田、黒瀬町国近、黒瀬町菅田、黒瀬町津江、黒瀬町乃美尾、黒瀬町丸山、黒瀬町南方、黒瀬町宗近柳国、黒瀬楢原北、黒瀬楢原西、黒瀬楢原東および黒瀬松ケ丘に限る。）"
  },
  {
    "code": "0824",
    "context": "0824 | 三次 | 454 | 広島県三次市（甲奴町を除く。）"
  },
  {
    "code": "0826",
    "context": "0826 | 千代田 | 461 | 広島県山県郡北広島町（雲耕、移原、大暮、大利原、大元、奥中原、奥原、苅屋形、川小田、草安、荒神原、小原、才乙、高野、土橋、中祖、南門原、西八幡原、橋山、東八幡原、細見、政所、溝口、宮地および米沢を除く。）"
  },
  {
    "code": "0827",
    "context": "0827 | 岩国 | 465-2 | 広島県大竹市、山口県岩国市、玖珂郡"
  },
  {
    "code": "0829",
    "context": "0829 | 廿日市 | 467 | 広島県廿日市市、広島市佐伯区（杉並台および湯来町に限る。）"
  },
  {
    "code": "0833",
    "context": "0833 | 下松 | 469 | 山口県下松市、光市（岩田、岩田立野、塩田、束荷および三輪を除く。）、周南市（大河内、奥関屋、勝間ケ丘、勝間原、熊毛中央、御所尾原、小松原、幸ケ丘、自由ケ丘、新清光台、清光台、清尾、高水原、鶴見台、中村、原、樋口、緑ケ丘、八代、安田、夢ケ丘、呼坂および呼坂本町に限る｡ ）"
  },
  {
    "code": "0834",
    "context": "0834 | 徳山 | 470 | 山口県周南市（大河内、奥関屋、勝間ケ丘、勝間原、熊毛中央、御所尾原、小松原、幸ケ丘、自由ケ丘、新清光台、清光台、清尾、高水原、鶴見台、中村、原、樋口、緑ケ丘、八代、安田、夢ケ丘、呼坂および呼坂本町を除く｡ ）"
  },
  {
    "code": "0835",
    "context": "0835 | 防府 | 471 | 山口県防府市、山口市（徳地伊賀地、徳地小古祖、徳地上村、徳地岸見、徳地串、徳地鯖河内、徳地島地、徳地野谷、徳地引谷、徳地深谷、徳地藤木、徳地船路、徳地堀、徳地三谷、徳地八坂、徳地山畑および徳地柚木に限る。）"
  },
  {
    "code": "0836",
    "context": "0836 | 宇部 | 472 | 山口県宇部市、山陽小野田市、山口市阿知須"
  },
  {
    "code": "0837",
    "context": "0837 | 長門 | 474 | 山口県長門市"
  },
  {
    "code": "0838",
    "context": "0838 | 萩 | 477 | 山口県萩市（江崎、片俣、上小川西分、上小川東分、上田万、吉部上、吉部下、下小川、下田万、須佐、鈴野川、高佐上、高佐下、中小川、弥富上および弥富下を除く。）"
  },
  {
    "code": "0845",
    "context": "0845 | 因島 | 485 | 広島県尾道市（因島大浜町、因島鏡浦町、因島重井町、因島洲江町、因島田熊町、因島外浦町、因島中庄町、因島土生町、因島原町、因島三庄町、因島椋浦町および瀬戸田町に限る。）"
  },
  {
    "code": "0846",
    "context": "0846 | 竹原 | 486 | 広島県竹原市、東広島市安芸津町"
  },
  {
    "code": "0847",
    "context": "0847 | 府中 | 488-2 | 広島県福山市新市町、府中市、三次市甲奴町"
  },
  {
    "code": "0848",
    "context": "0848 | 496-2 | 広島県尾道市（因島大浜町、因島鏡浦町、因島重井町、因島洲江町、因島田熊町、因島外浦町、因島中庄町、因島土生町、因島原町、因島三庄町、因島椋浦町および瀬戸田町を除く。）、三原市（久井町および大和町を除く。）"
  },
  {
    "code": "0852",
    "context": "0852 | 松江 | 502 | 島根県松江市"
  },
  {
    "code": "0853",
    "context": "0853 | 出雲 | 503 | 島根県出雲市"
  },
  {
    "code": "0854",
    "context": "0854 | 安来 | 504 | 島根県安来市"
  },
  {
    "code": "0855",
    "context": "0855 | 浜田 | 508 | 島根県浜田市"
  },
  {
    "code": "0856",
    "context": "0856 | 益田 | 511 | 島根県益田市"
  },
  {
    "code": "0857",
    "context": "0857 | 鳥取 | 513 | 鳥取県鳥取市（河原町、佐治町および用瀬町を除く。）、岩美郡"
  },
  {
    "code": "0858",
    "context": "0858 | 郡家 | 514 | 鳥取県鳥取市（河原町、佐治町および用瀬町に限る。）、八頭郡"
  },
  {
    "code": "0859",
    "context": "0859 | 米子 | 516 | 鳥取県境港市、米子市、西伯郡（大山町（赤坂、石井垣、上市、岡、栄田、塩津、下市、下甲、住吉、退休寺、高橋、田中、潮音寺、束積、殿河内、長野、羽田井、樋口、松河原、御崎および八重に限る。）を除く。）"
  },
  {
    "code": "0863",
    "context": "0863 | 玉野 | 520 | 岡山県玉野市"
  },
  {
    "code": "0865",
    "context": "0865 | 鴨方 | 522-2 | 岡山県浅口市"
  },
  {
    "code": "0866",
    "context": "0866 | 高梁 | 526 | 岡山県高梁市、真庭市（阿口、上呰部、上中津井、上水田、五名、下呰部、下中津井、宮地および山田に限る。）、加賀郡吉備中央町（上竹、北、黒土、黒山、岨谷、竹荘、田土、豊野、西、納地、宮地、湯山および吉川に限る。）"
  },
  {
    "code": "0867",
    "context": "0867 | 新見 | 529 | 岡山県新見市"
  },
  {
    "code": "0868",
    "context": "0868 | 津山 | 532 | 岡山県津山市、勝田郡、久米郡美咲町（飯岡、上口、江与味、北、高下、小山、里、栃原、中、中垪和、西、西川、西川上、西垪和、東垪和および南を除く。）、苫田郡鏡野町（大、楠、富仲間、富西谷および富東谷を除く。）"
  },
  {
    "code": "0869",
    "context": "0869 | 備前 | 534 | 岡山県瀬戸内市長船町長船、備前市、和気郡"
  },
  {
    "code": "0875",
    "context": "0875 | 観音寺 | 540 | 香川県観音寺市（豊浜町箕浦を除く。）、三豊市"
  },
  {
    "code": "0877",
    "context": "0877 | 丸亀 | 541 | 香川県坂出市、善通寺市、丸亀市、綾歌郡宇多津町、仲多度郡"
  },
  {
    "code": "0879",
    "context": "0879 | 三本松 | 543 | 香川県さぬき市（小田、鴨部、鴨庄、志度および末を除く。）､東かがわ市"
  },
  {
    "code": "0880",
    "context": "0880 | 土佐中村 | 545 | 高知県四万十市、幡多郡（大月町を除く。）"
  },
  {
    "code": "0883",
    "context": "0883 | 鴨島 | 549 | 徳島県阿波市（秋月、浦池、柿原、郡、五条、西条、高尾、土成、成当、水田、宮川内および吉田を除く。）、吉野川市"
  },
  {
    "code": "0884",
    "context": "0884 | 阿南 | 552 | 徳島県阿南市"
  },
  {
    "code": "0885",
    "context": "0885 | 小松島 | 555-2 | 徳島県小松島市、勝浦郡"
  },
  {
    "code": "0887",
    "context": "0887 | 嶺北 | 558 | 高知県土佐郡、長岡郡（大豊町（馬瀬、角茂谷、久寿軒および戸手野に限る。）を除く。）"
  },
  {
    "code": "0889",
    "context": "0889 | 佐川 | 564 | 高知県吾川郡仁淀川町、高岡郡（越知町、佐川町および日高村に限る。）"
  },
  {
    "code": "0892",
    "context": "0892 | 久万 | 566 | 愛媛県上浮穴郡、喜多郡内子町（臼杵、大平、小田、上川、上田渡、立石、寺村、中川、中田渡、日野川、本川、南山および吉野川に限る。）"
  },
  {
    "code": "0893",
    "context": "0893 | 大洲 | 567 | 愛媛県大洲市、喜多郡内子町（臼杵、大平、小田、上川、上田渡、立石、寺村、中川、中田渡、日野川、本川、南山および吉野川を除く。）"
  },
  {
    "code": "0894",
    "context": "0894 | 八幡浜 | 568 | 愛媛県西予市三瓶町、八幡浜市、西宇和郡"
  },
  {
    "code": "0895",
    "context": "0895 | 宇和島 | 570 | 愛媛県宇和島市、北宇和郡"
  },
  {
    "code": "0896",
    "context": "0896 | 伊予三島 | 572 | 愛媛県四国中央市、香川県観音寺市豊浜町箕浦"
  },
  {
    "code": "0897",
    "context": "0897 | 伯方 | 573 | 愛媛県今治市（大三島町、上浦町、関前大下、関前岡村、関前小大下、伯方町、宮窪町および吉海町に限る。）、越智郡"
  },
  {
    "code": "0898",
    "context": "0898 | 今治 | 575 | 愛媛県今治市（大三島町、上浦町、関前大下、関前岡村、関前小大下、伯方町、宮窪町および吉海町を除く。）、西条市（明理川、石田、石延、今在家、円海寺、大新田、大野、上市、河之内、河原津、河原津新田、喜多台、楠、国安、黒谷、桑村、小松町、実報寺、周布、新市、新町、高田、玉之江、旦之上、丹原町、壬生川、広江、広岡、福成寺、北条、三津屋、三津屋東、三津屋南、宮之内、三芳、安用、安用出作および吉田に限る。）"
  },
  {
    "code": "0920",
    "context": "0920 | 郷ノ浦 | 579 | 長崎県壱岐市"
  },
  {
    "code": "0930",
    "context": "0930 | 行橋 | 583 | 福岡県行橋市、京都郡（苅田町（与原、新津、下新津、二崎、下片島、稲光、法正寺、葛川、上片島、谷、鋤崎、山口、岡崎および黒添に限る。）およびみやこ町に限る。）、築上郡築上町"
  },
  {
    "code": "0940",
    "context": "0940 | 宗像 | 584 | 福岡県福津市、宗像市"
  },
  {
    "code": "0942",
    "context": "0942 | 久留米 | 585 | 佐賀県鳥栖市、三養基郡（上峰町を除く。）、福岡県小郡市、久留米市（田主丸町を除く。）、筑後市（下妻、富安および馬間田を除く。）、みやま市瀬高町長田、三井郡、八女郡広川町（広川および藤田に限る。）"
  },
  {
    "code": "0943",
    "context": "0943 | 八女 | 586 | 福岡県八女市、八女郡広川町（広川および藤田を除く。）"
  },
  {
    "code": "0944",
    "context": "0944 | 瀬高 | 588 | 熊本県荒尾市（上井手および下井手に限る。）、福岡県大川市、大牟田市、筑後市（下妻、富安および馬間田に限る。）、みやま市（瀬高町長田を除く。）、柳川市、三潴郡"
  },
  {
    "code": "0946",
    "context": "0946 | 甘木 | 589 | 福岡県朝倉市、朝倉郡"
  },
  {
    "code": "0947",
    "context": "0947 | 田川 | 590 | 福岡県田川市、田川郡"
  },
  {
    "code": "0948",
    "context": "0948 | 飯塚 | 591 | 福岡県飯塚市、嘉麻市、嘉穂郡"
  },
  {
    "code": "0949",
    "context": "0949 | 直方 | 592 | 福岡県直方市、宮若市、鞍手郡鞍手町"
  },
  {
    "code": "0950",
    "context": "0950 | 平戸 | 594 | 長崎県平戸市"
  },
  {
    "code": "0952",
    "context": "0952 | 佐賀 | 595 | 佐賀県小城市、神埼市、佐賀市、多久市、神埼郡、杵島郡（大町町、江北町および白石町（牛屋、坂田、新開、新明、田野上、戸ヶ里、深浦および辺田を除く。）に限る。）、三養基郡上峰町"
  },
  {
    "code": "0954",
    "context": "0954 | 武雄 | 596 | 佐賀県嬉野市嬉野町、武雄市"
  },
  {
    "code": "0955",
    "context": "0955 | 唐津 | 598 | 佐賀県唐津市、東松浦郡"
  },
  {
    "code": "0956",
    "context": "0956 | 佐世保 | 600 | 長崎県佐世保市（宇久町を除く。）、松浦市（鷹島町および福島町を除く。）、北松浦郡佐々町、東彼杵郡（東彼杵町を除く。）"
  },
  {
    "code": "0957",
    "context": "0957 | 諫早 | 601 | 長崎県諫早市、雲仙市（愛野町、吾妻町および千々石町に限る。）、大村市、東彼杵郡東彼杵町"
  },
  {
    "code": "0959",
    "context": "0959 | 大瀬戸 | 604 | 長崎県西海市、長崎市（赤首町、池島町、上大野町、上黒崎町、神浦江川町、神浦扇山町、神浦上大中尾町、神浦上道徳町、神浦北大中尾町、神浦口福町、神浦下大中尾町、神浦下道徳町、神浦夏井町、神浦丸尾町、神浦向町、下大野町、下黒崎町、新牧野町、永田町、西出津町および東出津町に限る。）"
  },
  {
    "code": "0964",
    "context": "0964 | 松橋 | 608 | 熊本県宇城市、宇土市、上天草市大矢野町、熊本市南区（城南町赤見、城南町阿高、城南町碇、城南町出水、城南町今吉野、城南町隈庄、城南町坂野、城南町さんさん、城南町沈目、城南町島田、城南町下宮地、城南町陳内、城南町高、城南町千町、城南町築地、城南町塚原、城南町永、城南町丹生宮、城南町東阿高、城南町藤山、城南町舞原、城南町宮地、城南町六田および城南町鰐瀬に限る。）、下益城郡、八代郡氷川町（高塚および吉本に限る。）"
  },
  {
    "code": "0965",
    "context": "0965 | 八代 | 609 | 熊本県八代市、八代郡氷川町（高塚および吉本を除く。）"
  },
  {
    "code": "0966",
    "context": "0966 | 人吉 | 610 | 熊本県人吉市、球磨郡"
  },
  {
    "code": "0967",
    "context": "0967 | 熊本一の宮 | 612 | 熊本県阿蘇市、阿蘇郡（産山村、小国町および南小国町に限る。）"
  },
  {
    "code": "0968",
    "context": "0968 | 山鹿 | 615 | 熊本県菊池市、山鹿市、玉名郡和水町（板楠、岩、大田黒、上板楠、上十町、上和仁、津田、中十町、中林、中和仁、西吉地、野田、東吉地、平野、山十町および和仁に限る。）"
  },
  {
    "code": "0969",
    "context": "0969 | 天草 | 617-2 | 熊本県天草市、上天草市（大矢野町を除く。）、天草郡"
  },
  {
    "code": "0972",
    "context": "0972 | 佐伯 | 619 | 大分県佐伯市"
  },
  {
    "code": "0973",
    "context": "0973 | 日田 | 621 | 大分県日田市"
  },
  {
    "code": "0974",
    "context": "0974 | 三重 | 623 | 大分県臼杵市野津町、豊後大野市（朝地町および犬飼町を除く。）"
  },
  {
    "code": "0977",
    "context": "0977 | 別府 | 626 | 大分県杵築市山香町、別府市、由布市湯布院町、速見郡"
  },
  {
    "code": "0978",
    "context": "0978 | 国東 | 627 | 大分県国東市（国東町および国見町に限る。）、東国東郡"
  },
  {
    "code": "0979",
    "context": "0979 | 中津 | 630 | 大分県中津市、福岡県豊前市、築上郡（上毛町および吉富町に限る。）"
  },
  {
    "code": "0980",
    "context": "0980 | 名護 | 632 | 沖縄県名護市、国頭郡（伊江村、大宜味村、国頭村、今帰仁村、東村および本部町に限る。）、島尻郡（伊是名村および伊平屋村に限る。）"
  },
  {
    "code": "0982",
    "context": "0982 | 延岡 | 636 | 宮崎県延岡市、児湯郡木城町中之又"
  },
  {
    "code": "0983",
    "context": "0983 | 高鍋 | 639 | 宮崎県西都市（現王島を除く。）、児湯郡（木城町中之又を除く。）、東臼杵郡椎葉村大河内"
  },
  {
    "code": "0984",
    "context": "0984 | 小林 | 640 | 宮崎県えびの市、小林市、西諸県郡"
  },
  {
    "code": "0985",
    "context": "0985 | 宮崎 | 641 | 宮崎県西都市現王島、宮崎市、東諸県郡"
  },
  {
    "code": "0986",
    "context": "0986 | 都城 | 642 | 鹿児島県曽於市（大隅町を除く。）、宮崎県都城市、北諸県郡"
  },
  {
    "code": "0987",
    "context": "0987 | 日南 | 643 | 宮崎県串間市、日南市"
  },
  {
    "code": "0993",
    "context": "0993 | 指宿 | 647 | 鹿児島県指宿市、南九州市頴娃町"
  },
  {
    "code": "0994",
    "context": "0994 | 鹿屋 | 650 | 鹿児島県鹿屋市（輝北町を除く。）、垂水市、肝属郡（肝付町および東串良町に限る。）"
  },
  {
    "code": "0995",
    "context": "0995 | 加治木 | 652 | 鹿児島県姶良市、霧島市、姶良郡"
  },
  {
    "code": "0996",
    "context": "0996 | 出水 | 654 | 鹿児島県阿久根市、出水市、出水郡"
  },
  {
    "code": "0997",
    "context": "0997 | 名瀬 | 657 | 鹿児島県奄美市、大島郡（宇検村、喜界町、龍郷町および大和村に限る。）"
  },
  {
    "code": "01267",
    "context": "01267 | 010 | 北海道岩見沢市宝水町、三笠市"
  },
  {
    "code": "01372",
    "context": "01372 | 鹿部 | 020 | 北海道茅部郡鹿部町"
  },
  {
    "code": "01374",
    "context": "01374 | 森 | 021 | 北海道茅部郡森町"
  },
  {
    "code": "01377",
    "context": "01377 | 023 | 北海道山越郡"
  },
  {
    "code": "01392",
    "context": "01392 | 木古内 | 026 | 北海道上磯郡"
  },
  {
    "code": "01397",
    "context": "01397 | 奥尻 | 030 | 北海道奥尻郡"
  },
  {
    "code": "01398",
    "context": "01398 | 熊石 | 031 | 北海道久遠郡せたな町大成区、二海郡八雲町（熊石相沼町、熊石鮎川町、熊石泉岱町、熊石雲石町、熊石大谷町、熊石折戸町、熊石黒岩町、熊石見日町、熊石関内町、熊石平町、熊石畳岩町、熊石館平町、熊石泊川町、熊石鳴神町、熊石西浜町および熊石根崎町に限る。）"
  },
  {
    "code": "01456",
    "context": "01456 | 門別富川 | 037 | 北海道沙流郡日高町（栄町西、栄町東、新町、千栄、富岡、日高、本町西、本町東、松風町、三岩、宮下町、山手町および若葉町を除く。）、新冠郡新冠町里平"
  },
  {
    "code": "01457",
    "context": "01457 | 038 | 北海道沙流郡（平取町および日高町（栄町西、栄町東、新町、千栄、富岡、日高、本町西、本町東、松風町、三岩、宮下町、山手町および若葉町に限る。）に限る。）"
  },
  {
    "code": "01466",
    "context": "01466 | えりも | 042 | 北海道幌泉郡"
  },
  {
    "code": "01547",
    "context": "01547 | 白糠 | 051 | 北海道釧路市音別町、白糠郡"
  },
  {
    "code": "01558",
    "context": "01558 | 広尾 | 055 | 北海道中川郡幕別町（忠類朝日、忠類共栄、忠類協徳、忠類公親、忠類幸町、忠類栄町、忠類白銀町、忠類新生、忠類東宝、忠類中当、忠類錦町、忠類西当、忠類晩成、忠類日和、忠類古里、忠類幌内、忠類明和、忠類元忠類および忠類本町に限る。）、広尾郡"
  },
  {
    "code": "01564",
    "context": "01564 | 上士幌 | 057 | 北海道河東郡（上士幌町および士幌町に限る。）"
  },
  {
    "code": "01586",
    "context": "01586 | 中湧別 | 063 | 北海道紋別郡湧別町"
  },
  {
    "code": "01587",
    "context": "01587 | 064 | 北海道常呂郡佐呂間町"
  },
  {
    "code": "01632",
    "context": "01632 | 天塩 | 067 | 北海道天塩郡（遠別町、天塩町および幌延町に限る。）"
  },
  {
    "code": "01634",
    "context": "01634 | 浜頓別 | 068 | 北海道枝幸郡（中頓別町および浜頓別町に限る。）"
  },
  {
    "code": "01635",
    "context": "01635 | 069 | 北海道宗谷郡"
  },
  {
    "code": "01648",
    "context": "01648 | 焼尻 | 075 | 北海道苫前郡羽幌町（天売相影、天売富磯、天売弁天、天売前浜、天売和浦、焼尻白浜、焼尻西浦、焼尻東浜および焼尻緑ヶ丘に限る。）"
  },
  {
    "code": "01654",
    "context": "01654 | 名寄 | 081 | 北海道名寄市（風連町を除く。）"
  },
  {
    "code": "01655",
    "context": "01655 | 082 | 北海道名寄市風連町、上川郡下川町"
  },
  {
    "code": "01656",
    "context": "01656 | 美深 | 083 | 北海道中川郡（音威子府村、中川町および美深町に限る。）"
  },
  {
    "code": "01658",
    "context": "01658 | 上川 | 084 | 北海道上川郡（愛別町および上川町に限る。）"
  },
  {
    "code": "04992",
    "context": "04992 | 伊豆大島 | 263 | 東京都大島町、神津島村、利島村、新島村"
  },
  {
    "code": "04994",
    "context": "04994 | 三宅 | 264 | 東京都御蔵島村、三宅村"
  },
  {
    "code": "04996",
    "context": "04996 | 八丈島 | 265 | 東京都青ヶ島村、八丈町"
  },
  {
    "code": "04998",
    "context": "04998 | 小笠原 | 266 | 東京都小笠原村"
  },
  {
    "code": "05769",
    "context": "05769 | 荘川 | 322 | 岐阜県高山市荘川町、大野郡"
  },
  {
    "code": "05979",
    "context": "05979 | 348 | 三重県南牟婁郡御浜町"
  },
  {
    "code": "07468",
    "context": "07468 | 上北山 | 393 | 奈良県吉野郡（上北山村および下北山村に限る。）"
  },
  {
    "code": "08387",
    "context": "08387 | 田万川 | 478 | 山口県萩市（江崎、上小川西分、上小川東分、上田万、下小川、下田万、須佐、鈴野川、中小川、弥富上および弥富下に限る。）"
  },
  {
    "code": "08388",
    "context": "08388 | 479 | 山口県萩市（片俣、吉部上、吉部下、高佐上および高佐下に限る。）、阿武郡"
  },
  {
    "code": "08396",
    "context": "08396 | 483 | 山口県美祢市美東町"
  },
  {
    "code": "08477",
    "context": "08477 | 494 | 広島県庄原市東城町"
  },
  {
    "code": "08512",
    "context": "08512 | 西郷 | 500 | 島根県隠岐郡隠岐の島町"
  },
  {
    "code": "08514",
    "context": "08514 | 海士 | 501 | 島根県隠岐郡（隠岐の島町を除く。）"
  },
  {
    "code": "09802",
    "context": "09802 | 南大東 | 633 | 沖縄県島尻郡（北大東村および南大東村に限る。）"
  },
  {
    "code": "09912",
    "context": "09912 | 中之島 | 644 | 鹿児島県鹿児島郡十島村"
  },
  {
    "code": "09913",
    "context": "09913 | 硫黄島 | 645 | 鹿児島県鹿児島郡三島村"
  },
  {
    "code": "09969",
    "context": "09969 | 中甑 | 656 | 鹿児島県薩摩川内市（鹿島町、上甑町、里町および下甑町に限る。）"
  }
]